Nom;Enseigne;Raison sociale;SIRET;Adresse;Code postal;Localité;Code commune;Libellé commune;Date inspection;Coordonnées géographiques;Libellé établissement;Evaluation;departement
CHEZ YI YI;CHEZ YI YI;DELICES DE PONTHIEU;75394163200014;34 RUE DE PONTHIEU;75008;PARIS 8;75108;PARIS 8EME;2015-12-21;48.871116659, 2.3082988;SARL DELICES DE PONTHIEU;20;75
LA TOUR DES SOUHAITS;LA TOUR DES SOUHAITS;LA TOUR DES SOUHAITS;33204999800013;7 RUE DE LYON;75012;PARIS 12;75112;PARIS 12EME;2015-12-09;48.846444798, 2.372054961;LA TOUR DES SOUHAITS;20;75
LE LYS D'OR;LE LYS D'OR;PALACE BLEU;39103611800019;2 RUE CHALIGNY;75012;PARIS 12;75112;PARIS 12EME;2015-12-07;48.845194914, 2.383490928;PALACE BLEU;20;75
NOUVELLE AMITIE;NOUVELLE AMITIE;NOUVELLE AMITIE;48413896100012;90 RUE DE PICPUS;75012;PARIS 12;75112;PARIS 12EME;2015-12-28;48.84031859, 2.399533514;NOUVELLE AMITIE;20;75
DON DIEGO;DON DIEGO;FUNTIGOU;52182971300010;12 RUE ROTTEMBOURG;75012;PARIS 12;75112;PARIS 12EME;2015-12-17;48.837962751, 2.404956766;FUNTIGOU;20;75
PARIS NEW YORK;PARIS NEW YORK;RG HAUT MARAIS;80436719100017;1 RUE PERREE;75003;PARIS;75103;PARIS 3EME;2015-12-08;48.863874045, 2.362705862;RG HAUT MARAIS;20;75
LITHANG;;LITHANG;48396242900013;318 RUE SAINT JACQUES;75005;PARIS 5;75105;PARIS 5EME;2015-12-10;48.840329041, 2.340589872;LITHANG;20;75
RESTAURANT KATHMANDU;RESTAURANT KATHMANDU;KUMARI;48812817400023;22 RUE DES BOULANGERS;75005;PARIS 5;75105;PARIS 5EME;2015-12-17;48.845887053, 2.353156913;KUMARI;20;75
VITAMINE;VITAMINE;VITAMINE;49166806700011;103 RUE MOUFFETARD;75005;PARIS 5;75105;PARIS 5EME;2015-12-21;48.840931522, 2.349671467;VITAMINE;20;75
SOUS LES CERISIERS;;SOUS LES CERISIERS;50401590000021;12 RUE STANISLAS;75006;PARIS 6;75106;PARIS 6EME;2015-12-16;48.843873525, 2.3282588;SOUS LES CERISIERS;20;75
AU BOURGUIGNON DU MARAIS;AU BOURGUIGNON DU MARAIS;PHL RESTAURATION;48839575700013;19 RUE DE JOUY;75004;PARIS;75104;PARIS 4EME;2015-12-17;48.855354229, 2.357755648;PHL RESTAURATION;10;75
IL CAFFE;IL CAFFE;B M V;48945565900016;164 RUE DU FAUBOURG SAINT HONORE;75008;PARIS 8;75108;PARIS 8EME;2015-12-22;48.873455996, 2.309242859;BMV;30;75
BISTROT  LE REGENT;BISTROT  LE REGENT;GIRARD JEAN CLAUDE;35039454000024;7 RUE LA FEUILLADE;75001;PARIS 1;75101;PARIS 1ER;2015-12-18;48.865992998, 2.340072464;GIRARD JEAN-CLAUDE;20;75
LA FONTAINE D'ITALIE;LA FONTAINE D'ITALIE;SAINT MARI MINA;50096289900018;23 RUE MOLIERE;75001;PARIS 1;75101;PARIS 1ER;2015-12-14;48.865454505, 2.336391386;SAINT MARI MINA;20;75
HIGUMA;HIGUMA;SUSHI EUROPE;41840637700014;27 BOULEVARD DES ITALIENS;75002;PARIS;75102;PARIS 2EME;2015-12-29;48.871152595, 2.335364637;SUSHI EUROPE;30;75
YOKOSUNA;YOKOSUNA;JIN D'OR;51350822600018;2 RUE LEOPOLD BELLAN;75002;PARIS 2;75102;PARIS 2EME;2015-12-21;48.866407181, 2.346945082;JIN D'OR;20;75
PIZZERIA D'AUTEUIL;PIZZERIA D'AUTEUIL;PIZZERIA D'AUTEUIL;44355003300015;81 RUE JEAN DE LA FONTAINE;75016;PARIS;75116;PARIS 16EME;2015-12-08;48.848613621, 2.265621612;PIZZERIA D'AUTEUIL  LE PETIT MARGUERY;20;75
RESTAURANT LE 40;RESTAURANT LE 40;LA GRIGNOTTE DE LA BUTTE;53957805400022;40 AVENUE DE VERSAILLES;75016;PARIS;75116;PARIS 16EME;2015-12-11;48.849202902, 2.275427248;SAS LA GRIGNOTTE DE LA BUTTE;10;75
MAY DO;MAY DO;SUSHI MAYDO;81115799900012;3 RUE ERARD;75012;PARIS 12;75112;PARIS 12EME;2015-12-07;48.845205915, 2.384006319;SUSHI MAYDO (MAY DO);20;75
L'AUBERGE DE LA BUTTE;L'AUBERGE DE LA BUTTE;PELA;52300519700018;2 RUE JEAN MARIE JEGO;75013;PARIS 13;75113;PARIS 13EME;2015-12-29;48.828095143, 2.351716348;L'AUBERGE DE LA BUTTE;20;75
SAVEUR ASIA;SAVEUR ASIA;SAVEUR ASIA;52423513200015;71 BD VINCENT AURIOL;75013;PARIS 13;75113;PARIS 13EME;2015-12-07;48.834782946, 2.368118112;SAVEUR ASIA;20;75
TRISKELL;TRISKELL;TRISKELL;79757796200013;36 BD ARAGO;75013;PARIS 13;75113;PARIS 13EME;2015-12-16;48.835067319, 2.346227641;TRISKELL;10;75
TABLE DE CHINE;TABLE DE CHINE;AUX PARADIS DES SAVEURS;43409873700027;7 PL DE CATALOGNE;75014;PARIS 14;75114;PARIS 14EME;2015-12-10;48.83686788, 2.318211179;AUX PARADIS DES SAVEURS;20;75
CHEZ FELICIE;CHEZ FELICIE;SOC DE FAIT S.DESPLANCHES ET A.MOYNIEZ;43781890900016;174 AVENUE DU MAINE;75014;PARIS 14;75114;PARIS 14EME;2015-12-07;48.832476795, 2.324943318;CHEZ FELICIE;20;75
STARBUCKS COFFEE FRANCE;STARBUCKS COFFEE FRANCE;STARBUCKS COFFEE FRANCE;44533010300042;70 BD DU MONTPARNASSE;75014;PARIS 14;75114;PARIS 14EME;2015-12-16;48.843443024, 2.324951569;STARBUCKS COFFEE FRANCE;10;75
LES FILS DE LA FERME;LES FILS DE LA FERME;LES FILS DE LA FERME;47837388900011;5 RUE MOUTON DUVERNET;75014;PARIS 14;75114;PARIS 14EME;2015-12-11;48.83150285, 2.329242829;SARL LES FILS DE LA FERME;30;75
LE JEU DE QUILLES;LE JEU DE QUILLES;BBRH;50322699500010;26 RUE DIDOT;75014;PARIS 14;75114;PARIS 14EME;2015-12-11;48.832377603, 2.32043809;BBRH;10;75
LES CEDRES DU LIBAN;LES CEDRES DU LIBAN;LES CEDRES DU LIBAN;30430551900015;5 AVENUE DU MAINE;75015;PARIS 15;75115;PARIS 15EME;2015-12-29;48.844493058, 2.320146383;LES CEDRES DU LIBAN;10;75
AU BERCAIL - LA GRANGE;AU BERCAIL - LA GRANGE;LE PHALANSTERE;80332494600018;15 RUE NOTRE DAME DES VICTOIRES;75002;PARIS;75102;PARIS 2EME;2015-12-14;48.86817539, 2.341715446;LE PHALANSTERE;20;75
CHEZ ALAIN;CHEZ ALAIN;DUVERBOIS;45096515700016;9 RUE DU VERTBOIS;75003;PARIS 3;75103;PARIS 3EME;2015-12-16;48.866842816, 2.358683939;DUVERBOIS;20;75
LE SEBASTO;LE SEBASTO;SEBASTOS;53869125400014;54 BD DE SEBASTOPOL;75003;PARIS 3;75103;PARIS 3EME;2015-12-07;48.862982423, 2.350722051;SEBASTOS;20;75
CHEZ JENNY;CHEZ JENNY;CHEZ JENNY;55211316900015;39 BD DU TEMPLE;75003;PARIS 3;75103;PARIS 3EME;2015-12-22;48.866073855, 2.364926023;CHEZ JENNY;10;75
WAN XING;WAN XING;WAN XING;75105574000011;15 RUE DES VERTUS;75003;PARIS 3;75103;PARIS 3EME;2015-12-14;48.864467909, 2.357908377;WAN XING;20;75
CAFE TABAC RIBERA;CAFE TABAC RIBERA;CAFE RIBERA;78926670700023;66 RUE JEAN DE LA FONTAINE;75016;PARIS;75116;PARIS 16EME;2015-12-22;48.850446552, 2.270610146;CAFE TABAC RIBERA;20;75
RESTAURANT LES FABLES;RESTAURANT LES FABLES;LES FABLES;80797279900017;17 RUE JEAN DE LA FONTAINE;75016;PARIS;75116;PARIS 16EME;2015-12-09;48.851733838, 2.273773266;SARL LES FABLES;20;75
RESTAURANT DU LYCEE;RESTAURANT DU LYCEE;OUNIS;42070464500019;68 BD DE MENILMONTANT;75020;PARIS 20;75120;PARIS 20EME;2015-12-17;48.863923365, 2.386501319;OUNIS;20;75
FROMENTIERS MAGASINS;;FROMENTIERS MAGASINS;31757671800793;RUE PERRIN MOREL;84000;AVIGNON;84007;AVIGNON;2015-11-06;43.93001234, 4.823067436;FROMENTIERS MAGASINS;20;84
Mc Donald's;Mc Donald's;SA ARCHES AVIGNON;33525917200013;25 RUE DE LA REPUBLIQUE;84000;AVIGNON;84007;AVIGNON;2015-04-17;43.94663642, 4.805777678;ARCHES AVIGNON (SA);10;84
La Sperlongaise;La Sperlongaise;LA SPERLONGAISE;34091505700012;22 PL DE L HORLOGE;84000;AVIGNON;84007;AVIGNON;2015-09-25;43.949463646, 4.806287019;SPERLONGAISE (LA) (SARL);10;84
L'escargot;L'escargot;GIBAND NADINE NICOLE;34778888700037;7 AV FERDINAND BEC;84000;AVIGNON;84007;AVIGNON;2015-05-29;43.943171211, 4.818915147;GIBAND Nadine;10;84
La Bonne Barquette;La Bonne Barquette;MEZIANE SIDALI;40004610800033;24 RUE GABRIEL BIRON;84000;AVIGNON;84007;AVIGNON;2015-07-25;43.938385575, 4.822122605;MEZIANE Sidali;10;84
Kyriad Cap Sud;Kyriad Cap Sud;SOC HOTELIERE DU SUD DE LA FRANCE;43893208900016;35 ALL DES FENAISONS;84140;MONTFAVET;84007;AVIGNON;2015-07-03;43.930847502, 4.877474132;S.H.S.F (SAS);10;84
Café Les Négociants;Café Les Négociants;JEROEM;44208720100012;PLACE DE L EGLISE;84140;MONTFAVET;84007;AVIGNON;2015-05-18;43.930847502, 4.877474132;JEROEM (SARL);20;84
L'Ami Voyage...en Compagnie;L'Ami Voyage...en Compagnie;FRANLIP;45328056200019;5 RUE PREVOT;84000;AVIGNON;84007;AVIGNON;2015-12-10;43.946577015, 4.806332856;FRANLIP (SARL);10;84
Le Jaquemart;Le Jaquemart;ZAR;47957359400013;12 PL DE L HORLOGE;84000;AVIGNON;84007;AVIGNON;2015-09-25;43.949001609, 4.806176277;ZAR (SARL);10;84
Le Pie Kafé;Le Pie Kafé;LE PIE KAFE;48189755100018;7 RUE SAINT JEAN LE VIEUX;84000;AVIGNON;84007;AVIGNON;2015-07-09;43.948646281, 4.810061055;PIE KAFE (LE) (SARL);20;84
Avignon Pizza;Avignon Pizza;RESTAURATION DU MIDI;48284532800012;22 AV PIERRE SEMARD;84000;AVIGNON;84007;AVIGNON;2015-04-07;43.942307022, 4.815902707;RESTAURATION DU MIDI ( SARL);10;84
L' Emeraude;L' Emeraude;LE SAPHIR;49017727600014;144 AV DE STE CATHERINE;84140;AVIGNON;84007;AVIGNON;2015-07-30;43.926736374, 4.874901169;SAPHIR (SARL);20;84
Le Pili;Le Pili;SOLEIL JACK;50161903500014;34 PL DES CORPS SAINTS;84000;AVIGNON;84007;AVIGNON;2015-03-11;43.94468633, 4.807527002;SOLEIL JACK (SARL);20;84
Wall Street Café;Wall Street Café;LE COLYSEE;50338385300010;8 RUE GENERAL LECLERC;84000;AVIGNON;84007;AVIGNON;2015-05-05;43.948846291, 4.810464417;COLYSEE (LE) (SARL);20;84
La Couscousserie de l'Horloge;La Couscousserie de l'Horloge;LES TROIS FRERES;50361026300017;18 PL DE L HORLOGE;84000;AVIGNON;84007;AVIGNON;2015-05-05;43.949101717, 4.806196262;TROIS FRERES (LES) (SARL);10;84
Pace é Saluté;Pace é Saluté;2 ALTHIMI;51106471900012;25 PL DES CARMES;84000;AVIGNON;84007;AVIGNON;2015-04-10;43.950939415, 4.812774789;2ALTHIMI (SARL);20;84
Le Pot de Vin;Le Pot de Vin;FJPB;51118105900011;69 RUE GUILLAUME PUY;84000;AVIGNON;84007;AVIGNON;2015-07-08;43.945414588, 4.814137248;FJPB (SARL);10;84
Laura Di Pasta;Laura Di Pasta;LAURA DI PASTA;51196618600021;38 RUE VIEUX SEXTIER;84000;AVIGNON;84007;AVIGNON;2015-05-05;43.948032982, 4.809634221;LAURA DI PASTA (SARL);10;84
Encas de Plaisir;Encas de Plaisir;GEREMY SUZANNE;51343373000019;5 RUE DES FOURBISSEURS;84000;AVIGNON;84007;AVIGNON;2015-04-30;43.948543789, 4.808286979;GEREMY Suzanne;10;84
Ogimi Sushi;Ogimi Sushi;NEW SUSHI;52023629000018;40 BD LIMBERT;84000;AVIGNON;84007;AVIGNON;2015-11-03;43.949801373, 4.819657858;NEW SUSHI (SARL);20;84
Le Gallia;Le Gallia;SNC TAULEGNE;52028192400016;13 PL CARNOT;84000;AVIGNON;84007;AVIGNON;2015-05-13;43.948665716, 4.808733615;TAULEGNE Stéphanie;10;84
La Dolce Vita;La Dolce Vita;LA DOLCE VITA;52082526600015;RTE DE L AERODROME MFT;84140;MONTFAVET;84007;AVIGNON;2015-05-20;43.930847502, 4.877474132;DOLCE VITA (LA) (EURL);20;84
Chez Lulu;Chez Lulu;BEAMA;52115743800016;6 PL DES CHATAIGNES;84000;AVIGNON;84007;AVIGNON;2015-04-17;43.949227127, 4.8085466;BEAMA (SARL);10;84
Terre de Saveurs;Terre de Saveurs;TERRE DE SAVEURS;53323055300018;1 RUE SAINT MICHEL;84000;AVIGNON;84007;AVIGNON;2015-03-31;43.944319084, 4.807957503;TESSIER Franck;20;84
Subway CS;Subway CS;SUBWAY CS;53432340700021;162 AV PIERRE SEMARD;84000;AVIGNON;84007;AVIGNON;2015-10-22;43.928734318, 4.840316597;SUBWAY CS (SARL);20;84
Le Petit Chaudron;Le Petit Chaudron;PEGAZE;53775043200016;AV DE LA FOIRE;84000;AVIGNON;84007;AVIGNON;2015-06-11;43.940751446, 4.800177505;PEGAZE (SARL);10;84
Kayser Avignon TGV;Kayser Avignon TGV;RELAY FRANCE;54209533614881;PLACE DE L EUROPE;84000;AVIGNON;84007;AVIGNON;2015-06-18;43.924222965, 4.787114898;RELAY FRANCE (SNC);10;84
MADDOX;MADDOX;THE BLACK AND THE WHITE;75333052100018;67 RUE BONNETERIE;84000;AVIGNON;84007;AVIGNON;2015-08-12;43.946966446, 4.810460387;THE BLACK AND THE WHITE (SARL);10;84
Le Bercail;Le Bercail;LES CANOTIERS;78898321100012;162 CHE DES CANOTIERS;84000;AVIGNON;84007;AVIGNON;2015-07-28;43.955853238, 4.81052767;CANOTIERS (LES) (SARL);10;84
Zeste;Zeste;BRUNO & CO;79244661900019;62 PL DES CORPS SAINTS;84000;AVIGNON;84007;AVIGNON;2015-03-11;43.944318534, 4.807563671;BRUNO & CO (SAS);10;84
Le Crillon;Le Crillon;LE CRILLON;79296363900010;15 PL CRILLON;84000;AVIGNON;84007;AVIGNON;2015-05-04;43.950092713, 4.803200905;15 PLACE CRILLON (SAS);20;84
Le Vintage;Le Vintage;JSB;79394210300029;10 RUE GALANTE;84000;AVIGNON;84007;AVIGNON;2015-07-21;43.947934524, 4.806668566;JSB (SARL);20;84
Wafu;Wafu;WAFU AVIGNON;79443261700015;175 RUE PIERRE SEGHERS;84000;AVIGNON;84007;AVIGNON;2015-10-01;43.928678947, 4.839214125;WAFU AVIGNON (SARL);20;84
Les Frènes;Les Frènes;HOSTELLERIE LES FRENES;79463069900013;645 AV VERTES RIVES;84140;AVIGNON;84007;AVIGNON;2015-04-15;43.937237266, 4.879724139;HOTELLERIE LES FRENES (SARL);20;84
La Dame Blanche;La Dame Blanche;LA DAME BLANCHE;79870800400014;18 PL DU CHANGE;84000;AVIGNON;84007;AVIGNON;2015-06-24;43.948417279, 4.806665266;DAME BLANCHE (LA) (SARL);10;84
Gaston Le Camion;Gaston Le Camion;GASTON LE CAMION;79971806900013;216 CHE SAINT GABRIEL;84000;AVIGNON;84007;AVIGNON;2015-05-29;43.926228385, 4.832684248;GASTON CAMION (SAS);10;84
La Boucherie;La Boucherie;LA RESTAURATION;80015495700032;2968 AVENUE DE L AMANDIER;84000;AVIGNON;84007;AVIGNON;2015-06-18;43.926143977, 4.844681197;RESTAURATION (LA);10;84
Olympia brasserie;Olympia brasserie;COTRY84;80142654500019;54 BD ST RUF;84000;AVIGNON;84007;AVIGNON;2015-03-17;43.930777603, 4.807918243;COTRY84 (SARL);20;84
Les Toqués en Vadrouille;Les Toqués en Vadrouille;LES TOQUES;80172667000012;51 T BD SIXTE ISNARD;84000;AVIGNON;84007;AVIGNON;2015-07-10;43.937892919, 4.815285557;LES TOQUES EN VADROUILLE;10;84
Baalbeck;Baalbeck;EL RIFAI WAEL;80189019500028;2 RUE GENERAL LECLERC;84000;AVIGNON;84007;AVIGNON;2015-07-16;43.949044696, 4.810517591;EL RIFAI Wael;20;84
Orjade;Orjade;LIVO;80318583400014;4 RUE AMPHOUX;84000;AVIGNON;84007;AVIGNON;2015-07-17;43.947865035, 4.811382444;LIVO (SAS);20;84
La Mangrove Beach Club;La Mangrove Beach Club;BLUE MOON;80367581800014;CHEMIN DES VIGNES;84000;AVIGNON;84007;AVIGNON;2015-08-26;43.966590077, 4.834883538;BLUE MOON (SARL);20;84
Restaurant Gustave;Restaurant Gustave;JMAG;80780359800018;6 PL DE LA PRINCIPALE;84000;AVIGNON;84007;AVIGNON;2015-07-09;43.947714689, 4.807442478;JMAG SAS);20;84
Be Frite;Be Frite;BE FRITE;80849880200012;12 RUE LOUIS PASTEUR;84000;AVIGNON;84007;AVIGNON;2015-07-20;43.949412675, 4.812827593;BE FRITE (SARLU);10;84
Taverne Avedis;Taverne Avedis;ARDA;80886592700012;17 PL DES CARMES;84000;AVIGNON;84007;AVIGNON;2015-08-03;43.950649358, 4.812864813;ARDA (SARL);10;84
Nostrum;Nostrum;MARIC;81265963900015;24 RUE DU PORTAIL MATHERON;84000;AVIGNON;84007;AVIGNON;2015-12-02;43.949623892, 4.812301568;MARIC (SARL);10;84
Da Davide;Da Davide;LIEVIN DAVID;81488252800015;18 RUE SAINT JEAN LE VIEUX;84000;AVIGNON;84007;AVIGNON;2015-12-03;43.948203679, 4.810929391;LIEVIN David;20;84
La Férigoulo;La Férigoulo;LA FERIGOULO;32328823300022;10 RUE DU REMPART DU RHONE;84000;AVIGNON;84007;AVIGNON;2015-07-14;43.950915396, 4.803006373;FERIGOULO (LA) (SARL);20;84
RISTORANTE NAPOLETANO;RISTORANTE NAPOLETANO;NAPOLITAINE;37855594000014;18 AV FRANKLIN D ROOSEVELT;75008;PARIS 8;75108;PARIS 8EME;2015-12-08;48.873259122, 2.310765981;NAPOLITAINE;20;75
NISSAN EXOTIQUE;NISSAN EXOTIQUE;NILAAS;50214585700012;64 RUE LOUIS BLANC;75010;PARIS 10;75110;PARIS 10EME;2015-12-15;48.883735954, 2.360343239;SARL NILAAS;20;75
SARL MA GRAND MERE M'A DIT;MA GRAND MERE M A DIT;MA GRAND MERE M A DIT;53456908200025;1 RUE FALGUIERE;75015;PARIS 15;75115;PARIS 15EME;2015-12-15;48.844209052, 2.317626998;MA GRAND MERE M'A DIT;20;75
RESTAURANT LES EIDERS;RESTAURANT LES EIDERS;LES EIDERS;81400947800011;142 AVENUE DE FLANDRE;75019;PARIS;75119;PARIS 19EME;2015-12-08;48.893535356, 2.38072879;LES EIDERS;10;75
LA NOUVELLE ETOILE;;SEHRINE NAFA;35385818600037;271 RUE DES PYRENEES;75020;PARIS 20;75120;PARIS 20EME;2015-12-14;48.867567958, 2.396324924;LA NOUVELLE ETOILE;20;75
L'ECRIN;L'ECRIN;KESSIR BRAHIM;32069105800012;31 RUE DE RICHELIEU;75001;PARIS 1;75101;PARIS 1ER;2015-12-14;48.86518645, 2.336546681;KESSIR BRAHIM;20;75
LE BISTRO DE MAELLE ET AUGUSTIN;LE BISTRO DE MAELLE ET AUGUSTIN;SAS LESTAS DORE;52431510800018;42 RUE COQUILLIERE;75001;PARIS 1;75101;PARIS 1ER;2015-12-08;48.864526214, 2.340961885;SAS LESTAS DORE;30;75
VIENG SIAM;VIENG SIAM;BOUNKET NIPHA;39859710400015;37 RUE TIQUETONNE;75002;PARIS 2;75102;PARIS 2EME;2015-12-21;48.864742564, 2.347178484;BOUNKET NIPHA;20;75
FESTINS D'ORIENT;FESTINS D'ORIENT;HUAN HUAN;50452146900016;142 RUE SAINT DENIS;75002;PARIS 2;75102;PARIS 2EME;2015-12-08;48.865253922, 2.350453813;HUAN HUAN;10;75
BARETTO DI EDGAR;BARETTO DI EDGAR;PATACLE;53000775600022;14 RUE D ALEXANDRIE;75002;PARIS 2;75102;PARIS 2EME;2015-12-10;48.86822691, 2.35037699;PATACLE;20;75
PIZZA PINO OPERA;PIZZA PINO OPERA;PINO ELYSEES;56206937700223;27 BD DES ITALIENS;75002;PARIS 2;75102;PARIS 2EME;2015-12-23;48.871152595, 2.335364637;SAS PINO ELYSEES;10;75
IDFOOD;IDFOOD;IDFOOD;80467683100014;66 PASSAGE CHOISEUL;75002;PARIS;75102;PARIS 2EME;2015-12-15;48.868282098, 2.33570163;IDFOOD;20;75
BONNE SAVEUR;BONNE SAVEUR;BONNE SAVEUR;80739320200013;17 BOULEVARD DE BONNE NOUVELLE;75002;PARIS;75102;PARIS 2EME;2015-12-07;48.870182684, 2.350274132;BONNE SAVEUR;20;75
PAIN CHAUD;PAIN CHAUD;PARIS BONNE NOUVELLE;80960888800016;25 BOULEVARD DE BONNE NOUVELLE;75002;PARIS;75102;PARIS 2EME;2015-12-23;48.870352648, 2.34946465;PARIS BONNE NOUVELLE;10;75
OISHINOYA;OISHINOYA;GS CONCEPT 3;81184235000019;17 PAS DES PANORAMAS;75002;PARIS 2;75102;PARIS 2EME;2015-12-16;48.870896824, 2.34168666;OISHINOYA;20;75
LE CHALET D'AVRON;LE CHALET D'AVRON;MOALI DJILALI;38819040700030;108 RUE DE MONTREUIL;75011;PARIS;75111;PARIS 11EME;2015-12-14;48.851082586, 2.397204627;MOALI DJILALI;20;75
LE TAILLEBOURG;LE TAILLEBOURG;LE TAILLEBOURG;49762103700017;25 BD DE CHARONNE;75011;PARIS 11;75111;PARIS 11EME;2015-12-15;48.85050724, 2.39848293;H&K;20;75
SOFI;SOFI;SOFI;79856674100012;17 PL DE LA NATION;75011;PARIS 11;75111;PARIS 11EME;2015-12-11;48.848793486, 2.397446097;LE BERGER;10;75
EKI SUSHI;EKI SUSHI;EKI SUSHI;50094266900010;9 BD DIDEROT;75012;PARIS 12;75112;PARIS 12EME;2015-12-22;48.84547727, 2.370157126;EKI SUSHI;20;75
SOURIRE D'ASIE;SOURIRE D'ASIE;SOURIRE D'ASIE;51925891700011;18 RUE TAINE;75012;PARIS 12;75112;PARIS 12EME;2015-12-23;48.838114563, 2.392536037;SOURIRE D'ASIE;10;75
SAKAE SUSHI;SAKAE SUSHI;SAKAE SUSHI;52405615700018;95 BD DIDEROT;75012;PARIS 12;75112;PARIS 12EME;2015-12-22;48.847677263, 2.388856792;SAKAE SUSHI;20;75
LE PAVE;LE PAVE;TPCR CAFE;44138751100013;7 RUE DES LOMBARDS;75004;PARIS 4;75104;PARIS 4EME;2015-12-09;48.859093245, 2.349849681;TPCR CAFE;20;75
2 BIS CAFE;;2 BIS CAFE;42856120300012;2 B RUE DES ECOLES;75005;PARIS 5;75105;PARIS 5EME;2015-12-21;48.847626842, 2.352197819;2 BIS CAFE;20;75
BANH MI VIET;BANH MI VIET;ROSE DE LOTUS;53328032700016;22 BD DE L HOPITAL;75005;PARIS 5;75105;PARIS 5EME;2015-12-23;48.841409877, 2.362801203;ROSE DE LOTUS;20;75
WASHI;WASHI;S & W SUSHI;48942367300024;3 RUE PECLET;75015;PARIS 15;75115;PARIS 15EME;2015-12-08;48.843362351, 2.298647177;S & W SUSHI;20;75
PLAISIR GOURMAND;PLAISIR GOURMAND;YASMINE;49895830500019;163 RUE DE LA CONVENTION;75015;PARIS 15;75115;PARIS 15EME;2015-12-07;48.83849611, 2.293582737;SARL YASMINE;20;75
LE BISTROT D ANDRE;LE BISTROT D ANDRE;LE BISTRO D ANDRE C;50499543200011;77 RUE LEBLANC;75015;PARIS 15;75115;PARIS 15EME;2015-12-28;48.837226975, 2.276996341;LE BISTROT D ANDRE C;10;75
GOURMANDS DISENT;GOURMANDS DISENT;LES GOURMANDS DISENT;52478848600016;235 B RUE SAINT CHARLES;75015;PARIS 15;75115;PARIS 15EME;2015-12-28;48.837737783, 2.277804722;LES GOURMANDS DISENT;20;75
PIZZERIA FIRENZE;PIZZERIA FIRENZE;SOC GESTIO RESTAUR DEBITS BOISS - SGR;32212075900020;1 RUE PIERRE LOUYS;75016;PARIS;75116;PARIS 16EME;2015-12-11;48.850193348, 2.2760697;SAS FIRENZE SGR;20;75
GOLD GRAGON;GOLD GRAGON;GOLD DRAGON;79521713200013;54 AV DAUMESNIL;75012;PARIS 12;75112;PARIS 12EME;2015-12-30;48.845423732, 2.379137146;GOLD DRAGON;20;75
KANJI;KANJI;LX;79935206700018;26 RUE DE REUILLY;75012;PARIS;75112;PARIS 12EME;2015-12-08;48.846998325, 2.387024045;LX;10;75
LA CIGALE;LA CIGALE;SERVIERE JEAN CHARLES;49059215100016;4 RUE DES WALLONS;75013;PARIS 13;75113;PARIS 13EME;2015-12-14;48.838987116, 2.360614411;SERVIERE JEAN CHARLES;20;75
CAFE DE FRANCE;CAFE DE FRANCE;CAFE DE FRANCE;58203353600019;12 PL D ITALIE;75013;PARIS 13;75113;PARIS 13EME;2015-12-09;48.831352138, 2.354328324;SNC CAFE DE FRANCE;10;75
DIETETIC SHOP;DIETETIC SHOP;DIETETIC SHOP;64201885700010;11 RUE DELAMBRE;75014;PARIS 14;75114;PARIS 14EME;2015-12-16;48.841712585, 2.328253667;DIETETIC SHOP;20;75
NOUVEAU LOTUS IMPERIAL;NOUVEAU LOTUS IMPERIAL;NOUVEAU LOTUS IMPERIAL;79453137600018;11 RUE D ODESSA;75014;PARIS 14;75114;PARIS 14EME;2015-12-17;48.842419942, 2.324548753;NOUVEAU LOTUS IMPERIAL;10;75
RESTAURANT SHABESTAN;RESTAURANT SHABESTAN;SHABESTAN;75096301900013;148 AV FELIX FAURE;75015;PARIS 15;75116;PARIS 16EME;2015-12-11;48.837205707, 2.279175799;RESTAURANT SHABESTAN;10;75
LA MERE LACHAISE;;SVS INVEST;53897884200036;78 BOULEVARD DE MENILMONTANT;75020;PARIS;75120;PARIS 20EME;2015-12-17;48.864264026, 2.386120139;LA MERE LACHAISE;20;75
LES TRIPLETTES DE BELLEVILLE;LES TRIPLETTES DE BELLEVILLE;CHEZ 102;80025286800016;102 BD DE BELLEVILLE;75020;PARIS 20;75120;PARIS 20EME;2015-12-08;48.870524628, 2.37881812;CHEZ 102;20;75
Restaurant Gastronomique et Brasserie;Restaurant Gastronomique et Brasserie;CHAMBRE COMMERCE ET INDUSTRIE VAUCLUSE;18840001400042;181 ALLEE DES FENAISONS;84032;AVIGNON CEDEX 3;84007;AVIGNON;2015-10-14;43.927232, 4.847812373;ECOLE HOTELIERE DE VAUCLUSE;10;84
Citron Pressé;Citron Pressé;PASCALET GERARD DANIEL;33059533100019;38 RUE CARRETERIE;84000;AVIGNON;84007;AVIGNON;2015-06-17;43.950374153, 4.813902013;PASCALET Gérard;10;84
MIREIO;MIREIO;LES GRANDS BATEAUX DE PROVENCE;33487524200045;ALL DE L OULLE;84000;AVIGNON;84007;AVIGNON;2015-05-11;43.948594929, 4.799714324;GRANDS BATEAUX DE PROVENCE;10;84
La Pause Café;La Pause Café;SARL CLAUDE RICHARD;35235251200011;CTR COM MISTRAL 7 MFT;84000;AVIGNON CEDEX;84007;AVIGNON;2015-10-01;43.937875433, 4.809217529;CLAUDE RICHARD (SARL);10;84
Xuan;Xuan;DOAN TAN THOAI;37763996800025;6 RUE GALANTE;84000;AVIGNON;84007;AVIGNON;2015-10-16;43.948165725, 4.806537472;DOAN Tan Thoai;10;84
KFC AVIGNON;KFC AVIGNON;KFC FRANCE SAS;38074487000243;600 CHE DE L HERBE;84140;MONTFAVET;84007;AVIGNON;2015-06-26;43.930847502, 4.877474132;KFC FRANCE (SAS);10;84
Nem;Nem;DAO QUOC CHINH;38442402400014;7 PL CLOITRE SAINT PIERRE;84000;AVIGNON;84007;AVIGNON;2015-07-24;43.949372889, 4.807568805;DAO QUOC Chinh;20;84
La Brasserie des Arts;La Brasserie des Arts;LA BRASSERIE DES ARTS;39070065600015;8 PL DE L HORLOGE;84000;AVIGNON;84007;AVIGNON;2015-09-11;43.948951739, 4.806166193;BRASSERIE DES ARTS (LA) (SARL);10;84
Les Lauriers Roses;Les Lauriers Roses;LEMAIRE FREDERIC FERNAND;40033134400020;670 CRS CARDINAL BERTRAND;84140;MONTFAVET;84007;AVIGNON;2015-09-09;43.930847502, 4.877474132;LEMAIRE Frédéric;10;84
Snack Ambul';Snack Ambul';SNACK AMBUL';40947151300013;RUE JEAN MARIE TJIBAOU;84000;AVIGNON;84007;AVIGNON;2015-11-05;43.9287864, 4.788889171;SNACK AMBUL' (SARL);10;84
Le Molière;Le Molière;LE MOLIERE;43439089400039;68 PL DES CORPS SAINTS;84000;AVIGNON;84007;AVIGNON;2015-10-01;43.944218609, 4.807533602;PETITE AUBERGE (LA) (SARL);10;84
La Treille;La Treille;AUBERGE DE LA TREILLE;43517766200010;ILE DE PIOT;84000;AVIGNON;84007;AVIGNON;2015-06-11;43.948712031, 4.797035325;AUBERGE DE LA TREILLE (SARL);10;84
Le Cid Café;Le Cid Café;PHIMABRI;44135337200010;11 PL DE L HORLOGE;84000;AVIGNON;84007;AVIGNON;2015-03-16;43.948912319, 4.80572194;PHIMABRI (SARL);20;84
Le Domus;Le Domus;PORTOLES JOSEPH LOUIS;48800304700013;45 CRS JEAN JAURES;84000;AVIGNON;84007;AVIGNON;2015-03-30;43.943917185, 4.805477904;PORTOLES José;10;84
Le Bodeguita Cubana;Le Bodeguita Cubana;2 A;49186634900013;18 BD LIMBERT;84000;AVIGNON;84007;AVIGNON;2015-07-17;43.945820521, 4.816876651;2A (SARL);10;84
L'Essentiel;L'Essentiel;LODOANNA;50218627300012;2 RUE PETITE FUSTERIE;84000;AVIGNON;84007;AVIGNON;2015-03-11;43.948880049, 4.804128096;LODOANNA (SARL);20;84
Sole e Pasta;Sole e Pasta;MASCAP;51113598000023;84 RUE DU BON VENT;84000;AVIGNON;84007;AVIGNON;2015-05-16;43.925951588, 4.850976938;MASCAP (SARL);10;84
Hayat Le restaurant Libanais;Hayat Le restaurant Libanais;DAHER ZEINA;52187644100036;9 BOULEVARD DENIS SOULIER;84000;AVIGNON;84007;AVIGNON;2015-07-27;43.942517139, 4.817342905;DAHER Zeina;10;84
Le Palace;Le Palace;CUP;52429362800011;1 AV MONCLAR;84000;AVIGNON;84007;AVIGNON;2015-07-29;43.942221582, 4.807154439;CUP (SARLU);20;84
Tapenade Café;Tapenade Café;GBP KFE;52894250100016;9 PL CARNOT;84000;AVIGNON;84007;AVIGNON;2015-05-11;43.948753173, 4.808600321;GBP KFE (SARL);10;84
Le Jardin des Gourmets;Le Jardin des Gourmets;SARL EXTRAMUROS;52905706900047;8 RUE DES TEINTURIERS;84000;AVIGNON;84007;AVIGNON;2015-07-08;43.945674942, 4.81241451;JARDINS DES GOURMETS (LES) (SASU);10;84
Master Man Express Tandori;Master Man Express Tandori;ANAKIN;52913965100010;2 PL DES CORPS SAINTS;84000;AVIGNON;84007;AVIGNON;2015-07-31;43.945074294, 4.807432577;ANAKIN (SARL);10;84
Resto Baabou;Resto Baabou;MEBAREK RABIA;53134991800015;58 RTE DE MORIERES;84000;AVIGNON;84007;AVIGNON;2015-07-07;43.952022818, 4.836075024;MEBAREK Rabia;20;84
Camping du Pont d'Avignon;Camping du Pont d'Avignon;RESTAURANT ALIMENTATION SAINT BENEZET;53174967900019;195 AV DES BANQUETS;84300;CAVAILLON;84007;AVIGNON;2015-06-24;43.826179299, 5.060678448;RESTAURANT ALIMENTATION SAINT BENEZET  (SARL);20;84
Happy Days Café;Happy Days Café;L'ATELIER DES THES EURL;53827461400014;17 PL DES CORPS SAINTS;84000;AVIGNON;84007;AVIGNON;2015-06-17;43.944593739, 4.807669096;ATELIER DES THES (L') (EURL);10;84
La Vieille Fontaine;La Vieille Fontaine;SOCIETE DES GRANDS HOTELS D'AVIGNON;55262084100015;12 PL CRILLON;84000;AVIGNON;84007;AVIGNON;2015-04-08;43.95030723, 4.803284878;GRANDS HOTELS D'AVIGNON (DES) (SA);10;84
La Ferme;La Ferme;NFTP;78858013200017;110 CHE DES BOIS;84000;AVIGNON;84007;AVIGNON;2015-06-11;43.975720734, 4.827455649;NFTP (SARL);10;84
Le Caktus;Le Caktus;LE CAKTUS;79144060500016;4 RUE PORTAIL BIENSON;84000;AVIGNON;84007;AVIGNON;2015-06-30;43.94755756, 4.803528915;CAKTUS (LE) (EURL);10;84
Two Food;Two Food;FAREL;79859021200014;2 RUE DES ROTONDES;84000;AVIGNON;84007;AVIGNON;2015-05-20;43.939425085, 4.820624855;FAREL (SARL);20;84
China Town;China Town;CHINA TOWN;80080790100015;285 RUE PIERRE SEGHERS;84000;AVIGNON;84007;AVIGNON;2015-07-25;43.927468666, 4.838413628;CHINA TOWN (SARL);10;84
Bistrot Chez Antoine;Bistrot Chez Antoine;TRIPLE STORTO;80167844200014;12 RUE PETITE MEUSE;84000;AVIGNON;84007;AVIGNON;2015-10-16;43.947534642, 4.809797584;TRIPLE STORTO (SARL);20;84
Matto;Matto;MATTO;80962784700019;17 RUE FAURE AYMARD;84000;AVIGNON;84007;AVIGNON;2015-06-02;43.935296456, 4.822387705;MATTO  (SARL);20;84
La Floudiliz;La Floudiliz;JLA PERE ET FILLE;81156428500013;3 PL CLOITRE SAINT PIERRE;84000;AVIGNON;84007;AVIGNON;2015-07-06;43.94955312, 4.808162669;JLA PERE ET FILLE (SARL);20;84
Meatpacking;Meatpacking;MEATPACKING DISTRICT;81401005400017;44 BOULEVARD SAINT MICHEL;84000;AVIGNON;84007;AVIGNON;2015-12-09;43.943753455, 4.814898876;MEATPACKING DISTRICT (SAS);20;84
L'AMAZONIAL;L'AMAZONIAL;COPS;48892973800018;3 RUE SAINTE OPPORTUNE;75001;PARIS 1;75101;PARIS 1ER;2015-12-07;48.859974416, 2.347208736;COPS;20;75
YAMAMOTO;YAMAMOTO;YAMAMOTO;34860559300014;6 RUE CHABANAIS;75002;PARIS 2;75102;PARIS 2EME;2015-12-11;48.867312737, 2.33686259;YAMAMOTO;20;75
BISTROT CAPUCINES;BISTROT CAPUCINES;BERTHELOT JEAN MARC;40845066600016;22 RUE DES CAPUCINES;75002;PARIS 2;75102;PARIS 2EME;2015-12-09;48.869444708, 2.328647498;BERTHELOT JEAN-MARC;20;75
THAI VIET;THAI VIET;SUSHI WASABI;42049709100025;93 BOULEVARD DE SEBASTOPOL;75002;PARIS;75102;PARIS 2EME;2015-12-10;48.865456888, 2.352027122;SUSHI WASABI;20;75
BIOBURGER;BIOBURGER;BIOBURGER;52896026300028;46 RUE DE CHOISEUL;75002;PARIS 2;75102;PARIS 2EME;2015-12-15;48.870084857, 2.335967842;BIOBURGER;10;75
MONSIEUR MONTORGUEIL;MONSIEUR MONTORGUEIL;DENIZE MONTORGUEIL;79935213300026;10 RUE MARIE STUART;75002;PARIS 2;75102;PARIS 2EME;2015-12-08;48.865047289, 2.347822585;DENIZE MONTORGUEIL;20;75
SOURCES LOCAL AND FRESH;SOURCES LOCAL AND FRESH;SOURCES LOCAL AND FRESH;80249302300021;16 RUE DE LA MICHODIERE;75002;PARIS;75102;PARIS 2EME;2015-12-17;48.870272341, 2.334841545;SOURCES LOCAL AND FRESH;20;75
L'ARDENNAISE;L'ARDENNAISE;L'ARDENNAISE;80994807800013;189 RUE SAINT DENIS;75002;PARIS;75102;PARIS 2EME;2015-12-21;48.866118775, 2.350829493;L'ARDENNAISE;10;75
NANASHI CHARLOT;NANASHI CHARLOT;SHOWCASE INVEST;50139693100021;57 RUE CHARLOT;75003;PARIS 3;75103;PARIS 3EME;2015-12-08;48.863453811, 2.363169182;SHOWCASE INVEST;20;75
NOUVEAU EXPRESS WENZHOU;NOUVEAU EXPRESS WENZHOU;CAI XIAOLAI;50436802800016;18 RUE AU MAIRE;75003;PARIS 3;75103;PARIS 3EME;2015-12-16;48.864687193, 2.356254211;CAI XIAOLAI;20;75
AKASH;AKASH;KASHMALA;80024257000011;9 RUE NICOLAS FLAMEL;75004;PARIS 4;75104;PARIS 4EME;2015-12-30;48.859020639, 2.349612612;KASHMALA;20;75
LES URSULINES;;LINARD JEAN CLAUDE;34154422900071;56 RUE GAY LUSSAC;75005;PARIS 5;75105;PARIS 5EME;2015-12-08;48.842502815, 2.342897307;LES URSULINES;30;75
BAMBOO;;BAMBOO;81054023700015;2 RUE DE LA MONTAGNE STE GENEVIEVE;75005;PARIS;75105;PARIS 5EME;2015-12-17;48.849542646, 2.348843101;BAMBOO;20;75
RESTAURANT L'AUDACE;RESTAURANT L'AUDACE;L'AUDACE;50270856300015;154 AV DE FLANDRE;75019;PARIS 19;75119;PARIS 19EME;2015-12-23;48.894195409, 2.381588692;L'AUDACE;10;75
RESTAURANT LA PAIX;RESTAURANT LA PAIX;SHANGHAI;53229366900018;92 AV JEAN JAURES;75019;PARIS 19;75119;PARIS 19EME;2015-12-10;48.885022874, 2.378917495;SHANGAI;10;75
RESTAURANT L'AUTOBUS;RESTAURANT L'AUTOBUS;PARIBUS;41140475900010;23 RUE DES PYRENEES;75020;PARIS 20;75120;PARIS 20EME;2015-12-14;48.849155232, 2.406528792;PARIBUS;20;75
CAFE DU TRÔNE;CAFE DU TRÔNE;EURL PICQUART;51002390600017;3 AVENUE DU TRONE;75011;PARIS 11;75111;PARIS 11EME;2015-12-07;48.848477394, 2.397801792;E.U.R.L PICQUART;20;75
CAFE LINO;CAFE LINO;BONNIE;81196899900029;81 BOULEVARD DE CHARONNE;75011;PARIS;75111;PARIS 11EME;2015-12-14;48.854449406, 2.395752144;SYNAPSE;10;75
MEKONG EXPRESS;MEKONG EXPRESS;TRAN CHI HOUER;44477365900032;193 RUE DE BERCY;75012;PARIS 12;75112;PARIS 12EME;2015-12-30;48.84394393, 2.373046141;TRAN CHI;20;75
DELICES D ASIE;DELICES D ASIE;YE DAORONG;43901173500016;63 AVENUE DU MAINE;75014;PARIS 14;75114;PARIS 14EME;2015-12-17;48.83952451, 2.322225183;YE DORONG;10;75
RESTAURANT MINIATURES;RESTAURANT MINIATURES;OSMOSE;48970272000017;31 AV DE VERSAILLES;75016;PARIS;75116;PARIS 16EME;2015-12-15;48.849576932, 2.275902487;RESTAURANT MINIATURES;20;75
BRASSERIE LE PETIT VERSAILLES;BRASSERIE LE PETIT VERSAILLES;LE PETIT VERSAILLES;80165086200015;92 AV DE VERSAILLES;75016;PARIS;75116;PARIS 16EME;2015-12-23;48.845082888, 2.271307052;BRASSERIE LE PETIT VERSAILLES;10;75
GUSTO ITALIA;GUSTO ITALIA;LE PASQUIER;53129281100019;23 RUE PASQUIER;75008;PARIS 8;75108;PARIS 8EME;2015-12-08;48.872701519, 2.32343198;LE PASQUIER;20;75
VARIATIONS;VARIATIONS;VARIATIONS;43502201700022;18 RUE DES WALLONS;75013;PARIS 13;75113;PARIS 13EME;2015-12-14;48.838676525, 2.359710138;SARL VARIATIONS;20;75
LAO DOUANG CHAN;LAO DOUANG CHAN;NEW SAYAM;53986010600019;161 AV DE CHOISY;75013;PARIS 13;75113;PARIS 13EME;2015-12-10;48.828208452, 2.358284057;NEW SAYAM;20;75
NOUVELLES FLEURS DE MAI;NOUVELLES FLEURS DE MAI;UN JOUR TOUJOURS;75235850700016;161 AV DE CHOISY;75013;PARIS 13;75113;PARIS 13EME;2015-12-11;48.828208452, 2.358284057;SARL UN JOUR TOUJOURS;20;75
LE MARIJAN;LE MARIJAN;LE MARIJAN;79277219600012;20 B BD ARAGO;75013;PARIS 13;75113;PARIS 13EME;2015-12-07;48.835886885, 2.348822016;LE MARIJAN;20;75
LE SAMSON;LE SAMSON;NENA;79522937600012;26 RUE BOUSSINGAULT;75013;PARIS 13;75113;PARIS 13EME;2015-12-29;48.824043335, 2.344631596;NENA;20;75
L'ESSENTIEL;L'ESSENTIEL;NIALTRAM;75229388600020;168 RUE D ALESIA;75014;PARIS 14;75114;PARIS 14EME;2015-12-08;48.83175697, 2.314516132;NIALTRAM;10;75
LE CROIX NIVERT;LE CROIX NIVERT;LA NOUVELLE BRASSERIE;44323495000014;22 RUE DE L ABBE GROULT;75015;PARIS 15;75115;PARIS 15EME;2015-12-07;48.84214822, 2.294244257;SARL LA NOUVELLE BRASSERIE;20;75
GOURMET DE LIN;GOURMET DE LIN;LIN MEI QI;44428625600011;12 RUE DE LA PROCESSION;75015;PARIS 15;75115;PARIS 15EME;2015-12-08;48.839698323, 2.305694342;LIN Mei;20;75
RESTAURANT LE BAR A HUITRES;RESTAURANT LE BAR A HUITRES;TERNIVA;49909910900013;69 AV DE WAGRAM;75017;PARIS 17;75117;PARIS 17EME;2015-12-08;48.878970005, 2.298771303;S.A.S.U  TERNIVA;20;75
U Libecciu;U Libecciu;DISTANI SANDRA DENISE;33241328500039;56 RUE CARNOT;84000;AVIGNON;84007;AVIGNON;2015-12-03;43.949282865, 4.811304521;DISTANI Sandra;10;84
Vert Citron;Vert Citron;KA MIE;35194728800012;10 PLACE DE L HORLOGE;84000;AVIGNON;84007;AVIGNON;2015-07-24;43.948981624, 4.806166193;KAMIE (SARL);10;84
Le Régence;Le Régence;CAFE LE REGENCE;35375392400029;32 CRS JEAN JAURES;84000;AVIGNON;84007;AVIGNON;2015-03-24;43.945073561, 4.805532175;CAFE LE REGENCE ( SAS);10;84
Le Bon Coin;Le Bon Coin;LAKHLOUFI RACHID;38360604300032;134 AVENUE DE TARASCON;84000;AVIGNON;84007;AVIGNON;2015-12-01;43.927183193, 4.809451973;LAKHLOUFI Rachid;20;84
Le Cubanito Café;Le Cubanito Café;ALLAIN BERNARD;39386209900024;51 RUE CARNOT;84000;AVIGNON;84007;AVIGNON;2015-09-04;43.949307434, 4.81112539;ALLAIN Bernard;10;84
Le Palais d'Orient;Le Palais d'Orient;LE PALAIS D'ORIENT;42109151300026;130 AV PIERRE DE COUBERTIN;84000;AVIGNON;84007;AVIGNON;2015-05-29;43.930537729, 4.839822107;PALAIS D'ORIENT (LE) (SARL);10;84
Tanoshii;Tanoshii;ANTOINE THI KIM BICH;44056262700024;8 RUE GALANTE;84000;AVIGNON;84007;AVIGNON;2015-04-01;43.948055717, 4.806587526;ANTOINE THI KIM BICH;10;84
Chez AZ;Chez AZ;CHEZ AZ;48263161100019;42 RUE DES LICES;84000;AVIGNON;84007;AVIGNON;2015-04-14;43.945032674, 4.809302911;AZOUFRI Abdelhay;20;84
Naka;Naka;COK;48290574200037;4 PL DE LA PRINCIPALE;84000;AVIGNON;84007;AVIGNON;2015-06-05;43.948001079, 4.807093934;NAKA;10;84
Au Périgord Gourmand;Au Périgord Gourmand;GRADON;49074854800016;51 RUE VIEUX SEXTIER;84000;AVIGNON;84007;AVIGNON;2015-07-02;43.948077168, 4.809685558;GRADON (SARL);20;84
La Cour d'Honneur;La Cour d'Honneur;LA COUR D'HONNEUR;49464748000024;58 RUE JOSEPH VERNET;84000;AVIGNON;84007;AVIGNON;2015-07-04;43.946958379, 4.803281945;COUR D'HONNEUR (LA) (SARL);10;84
Le Square;Le Square;ALICE FD;50100397400018;34 PL DES CORPS SAINTS;84000;AVIGNON;84007;AVIGNON;2015-06-17;43.94468633, 4.807527002;ALICE FD (SARL);10;84
Festi Café;Festi Café;SAYA;50266054100017;10 RUE BALANCE;84000;AVIGNON;84007;AVIGNON;2015-03-27;43.950432091, 4.805814164;SAYA (SARL);20;84
La Brasserie;La Brasserie;GONCALVES NORTE CEDRIC;50269373200021;72 RUE GUILLAUME PUY;84000;AVIGNON;84007;AVIGNON;2015-06-05;43.94481394, 4.814139082;GONCALVES  Cédric;20;84
Le Gilgamesh;Le Gilgamesh;NOUR;50513907100011;2 B PL DES CARMES;84000;AVIGNON;84007;AVIGNON;2015-07-24;43.9503417, 4.813144419;NOUR (SARL);20;84
Class' Croute;Class' Croute;C.C. AVIGNON 2009;51144964700052;135 AV PIERRE SEMARD;84000;AVIGNON;84007;AVIGNON;2015-10-19;43.931897071, 4.837392379;C.C AVIGNON 2009 (SARL);10;84
Lacabanalolo;Lacabanalolo;DARDE LAURENT RENAUD;51243216200018;63 RUE DES TEINTURIERS;84000;AVIGNON;84007;AVIGNON;2015-07-16;43.945007556, 4.813837658;DARDE Laurent;10;84
TAVERNE;TAVERNE;TAVERNE;52534526000026;2 PL ALEXANDRE FARNESE;84000;AVIGNON;84007;AVIGNON;2015-12-01;43.928727534, 4.822217029;TAVERNE;10;84
Fou de FaFa;Fou de FaFa;PC PROVENCE;52859732100017;17 RUE DES TROIS FAUCONS;84000;AVIGNON;84007;AVIGNON;2015-07-22;43.945896977, 4.807646911;PC PROVENCE (SARL);10;84
Subway;Subway;SUBDEV 84;52926136400028;3 RUE CARRETERIE;84000;AVIGNON;84007;AVIGNON;2015-11-04;43.950111415, 4.812723635;SUBDEV84 (SAS);10;84
Françoise;Françoise;MELIDO;52929302900011;6 RUE GENERAL LECLERC;84000;AVIGNON;84007;AVIGNON;2015-04-28;43.948593211, 4.810277379;MELIDO (SARL);10;84
Holly Food Burgers;Holly Food Burgers;STATI MOHAMED;53118479400018;175 RTE DE TARASCON;84000;AVIGNON;84007;AVIGNON;2015-12-01;43.921580937, 4.809289985;STATI Mohamed;10;84
Vin sur Vin;Vin sur Vin;BA-20;53976778000015;4 RUE GRIVOLAS;84000;AVIGNON;84007;AVIGNON;2015-09-10;43.947041802, 4.809495426;BA-20 (SARL);10;84
Le Lys;Le Lys;2GIL;75154653200019;775 RTE DE L AERODROME MFT;84140;MONTFAVET;84007;AVIGNON;2015-07-11;43.930847502, 4.877474132;2 JIL ( SARL);10;84
Mines de Saveurs;Mines de Saveurs;SARL AU'TOP;79008200200011;135 AV PIERRE SEMARD;84000;AVIGNON;84007;AVIGNON;2015-07-15;43.931897071, 4.837392379;AU'TOP (SARL);10;84
Le Bouillon de Culture;Le Bouillon de Culture;SAMBA;79154168300011;14 RUE SAINT BERNARD;84000;AVIGNON;84007;AVIGNON;2015-06-09;43.95088276, 4.818993771;SAMBA (SAS);20;84
MEMPHIS 84 (SARL);;MEMPHIS 84;79311179000010;140 RUE PAUL ELUARD;84000;AVIGNON;84007;AVIGNON;2015-08-06;43.929997586, 4.836719859;MEMPHIS 84 (SARL);10;84
Deux J & Cie;Deux J & Cie;LOOTHAN;79370480000010;1171 RTE DE L AERODROME MFT;84140;MONTFAVET;84007;AVIGNON;2015-05-11;43.930847502, 4.877474132;LOOTHAN (SAS);10;84
R&M'S sur le Pouce;R&M'S sur le Pouce;AGMB;80079208700010;50 RUE JOSEPH VERNET;84000;AVIGNON;84007;AVIGNON;2015-07-27;43.947370178, 4.803271861;AGMB (SAS);10;84
Rossini Foodies & Pasta;Rossini Foodies & Pasta;SEVEN7;80142939000017;1049 RTE DE L'AERODROME;84140;AVIGNON;84007;AVIGNON;2015-05-20;43.916097238, 4.889525742;SEVEN 7 (SARL);10;84
Le Carré;Le Carré;MADE;80198635700011;23 RTE DE MONTFAVET;84000;AVIGNON;84007;AVIGNON;2015-05-27;43.941976996, 4.823027794;MADE (SAS);10;84
La Cabane D'Oléron;La Cabane D'Oléron;LA CABANE OLERON;80281170300015;HALLES CENTRALES;84000;AVIGNON;84007;AVIGNON;2015-07-06;43.937875433, 4.809217529;GRENAUT Jean-Pierre;20;84
Le Tire Bouchon;Le Tire Bouchon;LA TRIVIERE;80346036900017;25 RUE CARNOT;84000;AVIGNON;84007;AVIGNON;2015-07-24;43.94913747, 4.809925927;TRIVIERE (LA) (SARL);10;84
Au Jardin des Carmes;Au Jardin des Carmes;AU JARDIN DES CARMES;80481453100013;21 PL DES CARMES;84000;AVIGNON;84007;AVIGNON;2015-06-02;43.950769451, 4.812824843;JARDIN DES CARMES (AU)  (SARL);10;84
Ponja;Ponja;PONJA;80496698400010;50 PL DES CORPS SAINTS;84000;AVIGNON;84007;AVIGNON;2015-08-28;43.944427076, 4.807017294;PONJA (SARL);10;84
Délices d'Asie;Délices d'Asie;KARTAGO;80887305300017;8 RUE THIERS;84000;AVIGNON;84007;AVIGNON;2015-08-26;43.947792979, 4.811004197;KARTAGO (SAS);10;84
Voisins d'à côté (Les);Voisins d'à côté (Les);LES VOISINS D'A COTE;81160773800010;164 RUE DE LA CARRETERIE;84000;AVIGNON;84007;AVIGNON;2015-07-10;43.951373033, 4.818624141;VOISINS D'A COTE (LES);10;84
LE PETIT CAFE;LE PETIT CAFE;TIMSOR;80345033700016;14 BD DE STRASBOURG;75010;PARIS 10;75110;PARIS 10EME;2015-12-29;48.870622352, 2.355012028;TIMSOR;10;75
KHUN AKORN;;KHUN AKORN INTERNATIONAL;35128950900017;6 B AV DE TAILLEBOURG;75011;PARIS 11;75111;PARIS 11EME;2015-12-10;48.849705642, 2.397879348;KHUN AKORN;20;75
DUSSOLIER Olivier;;DUSSOLLIER OLIVIER;39937663100020;PL LEON BLUM;75011;PARIS 11;75111;PARIS 11EME;2015-12-10;48.858056318, 2.380820478;DUSSOLIER Olivier;10;75
CREPES SHOW;CREPES SHOW;SAINT MIKHAEL;44070851900010;51 RUE DE LAPPE;75011;PARIS 11;75111;PARIS 11EME;2015-12-21;48.852965937, 2.374253304;SAINT MICKAEL;30;75
BONA IDEA;BONA IDEA;PARIGI CAG;79045854100014;249 RUE DU FAUBOURG ST ANTOINE;75011;PARIS 11;75111;PARIS 11EME;2015-12-10;48.849937211, 2.385844017;PARIGI CAG;10;75
MAMIE TEVENNEC;MAMIE TEVENNEC;DIDELOT AND CO;80806685600028;41 RUE FAIDHERBE;75011;PARIS;75111;PARIS 11EME;2015-12-10;48.853621223, 2.382529268;MAMIE TEVENNEC;20;75
JIN LONG;JIN LONG;SHUANG LONG;49918789600018;150 RUE DU FAUBOURG ST ANTOINE;75012;PARIS 12;75112;PARIS 12EME;2015-12-29;48.850422533, 2.380159494;SHUANG LONG;10;75
YOOKI SUSHI;YOOKI SUSHI;JIN FA;52276934800015;54 AV LEDRU ROLLIN;75012;PARIS 12;75112;PARIS 12EME;2015-12-29;48.848324115, 2.37208393;JIN FA;20;75
SUSHI KYOTO;SUSHI KYOTO;PALAIS DE NIPPON;53261308000011;7 AVENUE DU DOC ARNOLD NETTER;75012;PARIS 12;75112;PARIS 12EME;2015-12-21;48.841488534, 2.404790286;PALAIS DE NIPPON;10;75
RESTAURANT THAI NAM;RESTAURANT THAI NAM;THAI NAM;79994333700011;23 RUE DES VERTUS;75003;PARIS 3;75103;PARIS 3EME;2015-12-14;48.864707912, 2.358048455;THAI NAM;20;75
LES PAPILLES;LES PAPILLES;B B SARL;45240034400019;30 RUE GAY LUSSAC;75005;PARIS 5;75105;PARIS 5EME;2015-12-10;48.844624152, 2.341835722;B.B. S.A.R.L.;20;75
CARDINAL SUSHI;CARDINAL SUSHI;CARDINAL SUSHI;48141318500010;55 RUE DU CARDINAL LEMOINE;75005;PARIS 5;75105;PARIS 5EME;2015-12-22;48.846684617, 2.351786203;CARDINAL SUSHI;20;75
HAMLER'S BURGERY;HAMLER'S BURGERY;SAS HAM.LER;79424528200015;12 RUE MONGE;75005;PARIS 5;75105;PARIS 5EME;2015-12-18;48.849049256, 2.349692552;SAS HAM.LER;30;75
EGGS& CO;EGGS& CO;FRANCEL;49751136000016;11 RUE BERNARD PALISSY;75006;PARIS 6;75106;PARIS 6EME;2015-12-16;48.853122516, 2.3313715;FRANCEL;10;75
GREEN TEA HOUSE;GREEN TEA HOUSE;TCHANG@CHRIST;79052656000012;38 RUE DU COLISEE;75008;PARIS 8;75108;PARIS 8EME;2015-12-08;48.871573379, 2.31066014;TCHANG@CHRIST;20;75
LOUP;LOUP;R.G.E.;79155411600024;44 RUE DU LOUVRE;75001;PARIS 1;75101;PARIS 1ER;2015-12-08;48.864083062, 2.342512826;LOUP;20;75
OTODOKE JUJIYA SURFING;OTODOKE JUJIYA SURFING;OTODOKE;38165073800028;46 RUE SAINTE ANNE;75002;PARIS 2;75102;PARIS 2EME;2015-12-11;48.867444931, 2.336114897;OTODOKE;10;75
AKITA;AKITA;AKITA;48776749300017;40 RUE DES PETITS CHAMPS;75002;PARIS 2;75102;PARIS 2EME;2015-12-15;48.867197045, 2.335105749;AKITA;10;75
A NOSTE;A NOSTE;A NOSTE;80189932900024;6 B RUE DU QUATRE SEPTEMBRE;75002;PARIS 2;75102;PARIS 2EME;2015-12-14;48.869117248, 2.339044432;A NOSTE;20;75
FROG HOP HOUSE;FROG HOP HOUSE;A FROG AT THE OPERA;80850348600025;10 RUE DES CAPUCINES;75002;PARIS;75102;PARIS 2EME;2015-12-09;48.86880464, 2.329548104;A FROG AT THE OPERA;10;75
CAFFE CONCERTO;CAFFE CONCERTO;CARPE DIEM;80955108800010;24 RUE DE GRAMONT;75002;PARIS;75102;PARIS 2EME;2015-12-23;48.870695325, 2.336961048;CARPE DIEM;10;75
LE SELECT;LE SELECT;ELROM;81117651000022;204 RUE SAINT DENIS;75002;PARIS;75102;PARIS 2EME;2015-12-10;48.867411928, 2.351619906;ELROM;10;75
LE MODERNE;LE MODERNE;LE MODERNE;43970909800024;29 B BD ST JACQUES;75014;PARIS 14;75114;PARIS 14EME;2015-12-22;48.832352851, 2.338552692;LE MODERNE;20;75
AU PETIT BAR;AU PETIT BAR;SIS;80045212000010;57 BD SAINT MARCEL;75013;PARIS 13;75113;PARIS 13EME;2015-12-16;48.837753001, 2.354858199;SIS;30;75
BANYAN THAI;BANYAN THAI;BANYAN THAI;81371793100014;11 BD SAINT MARCEL;75013;PARIS 13;75113;PARIS 13EME;2015-12-18;48.839393049, 2.360028247;BANYAN THAI;20;75
PIZZA TAVOLA DI GIO;PIZZA TAVOLA DI GIO;GIO AND ME;48469080500029;210 BD RASPAIL;75014;PARIS 14;75114;PARIS 14EME;2015-12-16;48.84111652, 2.329873547;SARL GIO AND ME;10;75
LE SQUARE;LE SQUARE;GM;81133136200012;198 RUE RAYMOND LOSSERAND;75014;PARIS;75114;PARIS 14EME;2015-12-09;48.828856221, 2.307728221;LE SQUARE;10;75
CHEZ NUY;CHEZ NUY;KORNPHATTHANA WATCHARA;75099004600013;176 RUE DE CHARENTON;75012;PARIS 12;75112;PARIS 12EME;2015-12-28;48.844055773, 2.384250172;KRONPHATTHANA Watchara;10;75
RESTAURANT GIALLO  ORO;RESTAURANT GIALLO  ORO;TERRA MIA;80424619700011;90 B AVENUE DE VERSAILLES;75016;PARIS;75116;PARIS 16EME;2015-12-23;48.845162828, 2.271386991;SARL TERRA MIA;30;75
RESTAURANT CORSO QUAI DE SEINE;RESTAURANT CORSO QUAI DE SEINE;CORSO QUAI DE SEINE;47885676800013;10 QUAI DE LA SEINE;75019;PARIS 19;75119;PARIS 19EME;2015-12-07;48.884963836, 2.371163157;CORSO QUAI DE SEINE;10;75
RESTAURANT RAPIDE DELICES DE FLANDRE;RESTAURANT RAPIDE DELICES DE FLANDRE;SLIM MAN 21;52788358100011;100 AV DE FLANDRE;75019;PARIS 19;75119;PARIS 19EME;2015-12-21;48.890865625, 2.377249394;SLIM MAN 21;10;75
BAR-RESTAURANT LA RENAISSANCE;BAR-RESTAURANT LA RENAISSANCE;LA RENAISSANCE;53530207900012;12 RUE EURYALE DEHAYNIN;75019;PARIS 19;75119;PARIS 19EME;2015-12-10;48.885825755, 2.378233973;LA RENAISSANCE;20;75
BRASSERIE LA VIELLEUSE;BRASSERIE LA VIELLEUSE;SMC;45165038600019;130 BD DE BELLEVILLE;75020;PARIS 20;75120;PARIS 20EME;2015-12-09;48.871862885, 2.377302565;SMC;20;75
Campanile;Campanile;SOCIETE HOTEL GRIL D'AVIGNON;31926605200020;CLOS DE LA CRISTOLE MFT;84140;MONTFAVET;84007;AVIGNON;2015-03-23;43.930847502, 4.877474132;SOCIETE HOTEL GRIL D'AVIGNON (SNC);10;84
La Fourchette;La Fourchette;LA FOURCHETTE;32298322200017;17 RUE RACINE;84000;AVIGNON;84007;AVIGNON;2015-07-14;43.950191721, 4.804901825;FOURCHETTE (LA) (SARL);10;84
La Salsa;La Salsa;MELLAH KAMEL;33082409500021;21 B RUE DES TEINTURIERS;84000;AVIGNON;84007;AVIGNON;2015-07-08;43.945634789, 4.812596391;MELLAH Kamel;10;84
A la bonne heure;A la bonne heure;CASINO RESTAURATION;34204352801862;162 AVENUE PIERRE SEMARD;84000;AVIGNON;84007;AVIGNON;2015-04-03;43.928734318, 4.840316597;CASINO RESTAURATION DV208 (SAS);10;84
Le Jardin de la Tour;Le Jardin de la Tour;LE JARDIN DE LA TOUR;34505748300017;9 RUE DE LA TOUR;84000;AVIGNON;84007;AVIGNON;2015-07-23;43.952233668, 4.81611209;JARDIN DE LA TOUR (LE) (SARL);20;84
Le Grill d'Attila;Le Grill d'Attila;ATTILA AVIGNON;35279395400012;5 RUE PORTAIL MATHERON;84000;AVIGNON;84007;AVIGNON;2015-06-02;43.949456129, 4.811797727;ATTILA (SARL);10;84
Miam Miam;Miam Miam;CHIAPPINELLI ROMAIN JACQUES;38061837100039;14 RUE VIEUX SEXTIER;84000;AVIGNON;84007;AVIGNON;2015-07-30;43.948222747, 4.808247376;CHIAPPINELLI Romain;10;84
CAIRO FAST FOOD;;CAIRO FAST FOOD;40069738900015;4 RUE PORTAIL MAGNANEN;84000;AVIGNON;84007;AVIGNON;2015-11-10;43.944957318, 4.809518528;CAIRO FAST FOOD;20;84
Tam Tam;Tam Tam;MANOUH AKIM;40432042600012;36 RUE THIERS;84000;AVIGNON;84007;AVIGNON;2015-05-29;43.947322875, 4.813174488;MANOUH Akim;20;84
Pain Soleil & Cie;Pain Soleil & Cie;LE BUFFET D'AVIGNON;41022463800040;40 BD SAINT ROCH;84000;AVIGNON;84007;AVIGNON;2015-12-09;43.942586633, 4.805230831;BUFFET D'AVIGNON (LE) (SARL);10;84
Bazou Resto Broc;Bazou Resto Broc;BONNELY STEPHANE;41924455300014;24 RUE CHAPEAU ROUGE;84000;AVIGNON;84007;AVIGNON;2015-10-02;43.948814411, 4.811501254;BONNELY Stéphane;10;84
Brit Hôtel Avignon Sud;Brit Hôtel Avignon Sud;HADEX AVIGNON SUD;42103140200017;RUE DU BON VENT;84000;AVIGNON;84007;AVIGNON;2015-03-23;43.925053223, 4.853763963;HADEX AVIGNON SUD (SAS);10;84
Le Venaissin;Le Venaissin;LE CLEMENCEAU;42456235300013;16 PL DE L HORLOGE;84000;AVIGNON;84007;AVIGNON;2015-12-31;43.949061564, 4.806186178;CLEMENCEAU (LE) (SARL);10;84
Croq'Nem Le Tai;Croq'Nem Le Tai;PHAN THI VAN THUY;43380737700026;15 BD RASPAIL;84000;AVIGNON;84007;AVIGNON;2015-03-31;43.944462645, 4.803668809;LE Thi Van Thuy;20;84
Opéra Café;Opéra Café;OPERA CAFE;43822122800010;24 PL DE L HORLOGE;84000;AVIGNON;84007;AVIGNON;2015-09-25;43.949567421, 4.806287936;OPERA CAFE (SAS);10;84
L'Instant Appy;L'Instant Appy;L'INSTANT APPY;45101963200038;1045 ROUTE DE L AERODROME;84140;AVIGNON;84007;AVIGNON;2015-10-02;43.916137208, 4.889345694;INSTANT APPY (L') (SARL);10;84
La Scène;La Scène;CAFE RESTAURANT LA SCENE;49762361100017;19 PL CRILLON;84000;AVIGNON;84007;AVIGNON;2015-07-14;43.950092897, 4.80297557;CAFE RESTAURANT LA SCENE (SARL);20;84
Le Chat'Touilleur;Le Chat'Touilleur;LE CHAT TOUILLEUR;49810516200024;9 RUE HENRI FABRE;84000;AVIGNON;84007;AVIGNON;2015-04-30;43.945137549, 4.807197709;CHAT' TOUILLEUR (LE) (SARL);10;84
New Ground;New Ground;KENJI Z;49854531800012;29 RUE DE LA SARAILLERIE;84000;AVIGNON;84007;AVIGNON;2015-07-01;43.947289139, 4.807205959;KENJI-Z (SARL);10;84
La Terrasse d 'Eden;La Terrasse d 'Eden;LE SAN REMO;49987861900018;RTE NATIONALE 7;84140;AVIGNON;84007;AVIGNON;2015-11-05;43.937350647, 4.850524433;SAN REMO (LE) (SAS);10;84
La Cuisine du Dimanche;La Cuisine du Dimanche;LA BELLE HISTOIRE;50373994800019;31 RUE BONNETERIE;84000;AVIGNON;84007;AVIGNON;2015-07-01;43.94776676, 4.808708863;BELLE HISTOIRE (LA) (SARL);10;84
L'Offset;L'Offset;ALPHI;51084732000015;RUE DES TEINTURIERS;84000;AVIGNON;84007;AVIGNON;2015-07-24;43.944941143, 4.813500024;ALPHI (SARL);10;84
Sushishop Avignon;Sushishop Avignon;BONTOR;51345794500014;25 B RUE DE LA REPUBLIQUE;84000;AVIGNON;84007;AVIGNON;2015-03-16;43.94605704, 4.805727807;BONTOR (SARL);10;84
Le Diapason;Le Diapason;EHPS;51786691900015;1764 CHE MOULIN NOTRE DAME;84000;AVIGNON;84007;AVIGNON;2015-07-15;43.923487814, 4.820847603;EHPS (SARL);10;84
Restaurant Parc des Libertés;Restaurant Parc des Libertés;ASSOCIATION PARC DES LIBERTES;51882643300014;4682 RTE DE L ISLON;84000;AVIGNON;84007;AVIGNON;2015-08-06;43.965682395, 4.818443208;ASSOCIATION PARC DES LIBERTES;10;84
L'Amigo Pizza;L'Amigo Pizza;EL MANASRI LAIDI;52095990900034;25 B ROUTE DE LYON;84000;AVIGNON;84007;AVIGNON;2015-09-11;43.950966183, 4.82584787;EL MANASRI Laïdi;20;84
Rossini Foodies & Pasta;Rossini Foodies & Pasta;RFPC;52140200800010;4 RUE FELIX GRAS;84000;AVIGNON;84007;AVIGNON;2015-05-22;43.948604111, 4.803957216;RFPC (SARL);10;84
L'Hermitage;L'Hermitage;SARL L'HERMITAGE;52268436400014;7 RUE FIGUIERE;84000;AVIGNON;84007;AVIGNON;2015-05-22;43.947213966, 4.806868599;HERMITAGE (L') (SARL);20;84
Shus Calada;Shus Calada;ROPERT SANDRINE FRANCOISE CATHERINE;52940455000012;37 RUE DES TEINTURIERS;84000;AVIGNON;84007;AVIGNON;2015-07-17;43.945141216, 4.813034043;ROPERT Sandrine;20;84
Le Hom' Art Café;Le Hom' Art Café;DAUMAS;53339275900023;1171 ROUTE DE L AERODROME;84140;AVIGNON;84007;AVIGNON;2015-07-11;43.916073953, 4.891176974;DAUMAS (SARL);10;84
Casa Castagno;Casa Castagno;MAMALET;53770423100019;22 RUE VIEUX SEXTIER;84000;AVIGNON;84007;AVIGNON;2015-08-18;43.948162792, 4.808925947;MAMALET (SARL);10;84
Amigo;Amigo;L'AMIGO;78922408600015;43 AV PIERRE SEMARD;84000;AVIGNON;84007;AVIGNON;2015-05-20;43.940075494, 4.820184433;AMIGO (SARL);20;84
La Supérette Bio;La Supérette Bio;VENCEBIO;78947877300029;RUE DU BON VENT;84000;AVIGNON;84007;AVIGNON;2015-07-07;43.925053223, 4.853763963;VENCEBIO (SNC);20;84
Maestro;Maestro;TRAITEUR DES CARMES;79103931600033;13 RUE DU PORTAIL MATHERON;84000;AVIGNON;84007;AVIGNON;2015-10-15;43.949646077, 4.812197976;TRAITEUR DES CARMES ( SARLU);20;84
L'Authentique;L'Authentique;HAGUIL;79178284000023;54 RUE GUILLAUME PUY;84000;AVIGNON;84007;AVIGNON;2015-07-08;43.94635388, 4.814182169;HAGUIL (SARL);20;84
Little Italy;Little Italy;V.C.P.;79916685500012;42 PL DES CORPS SAINTS;84000;AVIGNON;84007;AVIGNON;2015-03-18;43.944482264, 4.807581823;VCP (SARL);20;84
La Grande Muraille;La Grande Muraille;CAT LATSAMEE;80011315100016;270 CHE DE RAMATUEL;84000;AVIGNON;84007;AVIGNON;2015-06-10;43.929370535, 4.790534673;CAT Latsamee;10;84
Bug's Burger and Coffee;Bug's Burger and Coffee;B.B.A.;80753820200019;390 RUE JEAN MARIE TJIBAOU;84000;AVIGNON;84007;AVIGNON;2015-05-11;43.928301596, 4.790183829;BBA (SARL);10;84
Le Bateau Ivre;Le Bateau Ivre;BA MOHAMADOU;80874183900019;52 RUE DE LA BONNETERIE;84000;AVIGNON;84007;AVIGNON;2015-09-10;43.947173629, 4.809909793;BA Mohamadou;20;84
Madame Croque;Madame Croque;MADAME CROQUE;80898865300016;41 RUE VIEUX SEXTIER;84000;AVIGNON;84007;AVIGNON;2015-05-05;43.948157108, 4.809295944;MADAME CROQUE (SARL);10;84
Quick;Quick;CAPGO;81019552900013;CHEMIN DE LA CROIX D OR;84140;AVIGNON;84007;AVIGNON;2015-06-08;43.90078012, 4.895409663;CAPGO (SARL);10;84
Le Bistrot du Cabestan;Le Bistrot du Cabestan;METAMORPH'CUISINE;81045501400011;13 RUE DU COLLEGE DE LA CROIX;84000;AVIGNON;84007;AVIGNON;2015-11-17;43.946965713, 4.808612605;METAMORPH'CUISINE;10;84
Bao Café;Bao Café;TESSIM SARL;81079277000010;17 RUE DU PORTAIL MATHERON;84000;AVIGNON;84007;AVIGNON;2015-12-03;43.9497163, 4.812358222;TESSIM (SARL);20;84
Tera Mia;Tera Mia;R&M;81209433200010;3321 ROUTE DE MARSEILLE;84140;AVIGNON;84007;AVIGNON;2015-07-03;43.912336827, 4.880744261;R & M (SAS);20;84
Ma Belle Cuisine;Ma Belle Cuisine;MBC;81222009300015;3 RUE FELIX GRAS;84000;AVIGNON;84007;AVIGNON;2015-10-09;43.948455965, 4.803972617;MBC (SAS);20;84
LE PRINCE;LE PRINCE;LE 120;53153658900017;120 RUE D AVRON;75020;PARIS 20;75120;PARIS 20EME;2015-12-17;48.852982622, 2.40775484;LE 120;30;75
LE RISALE;LE RISALE;ANIS;43866265200025;13 RUE DES URSULINES;75005;PARIS 5;75105;PARIS 5EME;2015-12-08;48.842672595, 2.341777234;ANIS;20;75
LA PETITE PROVENCE;LA PETITE PROVENCE;LE POT DE FER;49500712200015;10 RUE DU POT DE FER;75005;PARIS;75105;PARIS 5EME;2015-12-16;48.843037091, 2.348923957;LE POT DE FER;20;75
VISHNU CAFE;VISHNU CAFE;VISHNU CAFE;53471084300010;187 RUE DU FAUBOURG SAINT DENIS;75010;PARIS 10;75110;PARIS 10EME;2015-12-17;48.881358296, 2.358078891;VISHNU CAFE;30;75
CHEZ PROSPER;CHEZ PROSPER;DEDE;48045403200016;1 QUAI D AUSTERLITZ;75013;PARIS 13;75111;PARIS 11EME;2015-12-07;48.83770588, 2.373449873;SARL DEDE;20;75
VIET CAFE;VIET CAFE;VIET CAFE;48461399700028;53 RUE DE MONTREUIL;75011;PARIS 11;75111;PARIS 11EME;2015-12-15;48.850497339, 2.389059758;VIET CAFE;20;75
PATRICKS LE BALLON VERT;PATRICKS LE BALLON VERT;LES TRIOLETS;58210554000014;33 RUE DE MONTREUIL;75011;PARIS 11;75111;PARIS 11EME;2015-12-15;48.850487438, 2.386119956;LES TRIOLETS;20;75
TRESOR DES GOURMETS;TRESOR DES GOURMETS;TONG SIA MINH;42140501000016;80 AV DE ST MANDE;75012;PARIS 12;75112;PARIS 12EME;2015-12-10;48.844582532, 2.404857941;TONG SIA;20;75
MIYAKO;MIYAKO;MIYAKO;48153631600013;44 BD DIDEROT;75012;PARIS 12;75112;PARIS 12EME;2015-12-28;48.846352574, 2.378362684;MIYAKO;20;75
PIZZA D'ORO;PIZZA D'ORO;SARL CHARME;52243032100011;103 B AVENUE DU GAL MICHEL BIZOT;75012;PARIS 12;75112;PARIS 12EME;2015-12-17;48.839060456, 2.404131333;SARL CHARME;20;75
SUSHI GAN;SUSHI GAN;SUSHI GAN;44975521400011;41 RUE DES PETITS CHAMPS;75001;PARIS 1;75101;PARIS 1ER;2015-12-18;48.866892687, 2.336123698;SUSHI GAN;20;75
BEEF CLUB;BEEF CLUB;CONFESSIONS SAS;53363628800029;58 RUE JEAN JACQUES ROUSSEAU;75001;PARIS 1;75101;PARIS 1ER;2015-12-08;48.863993771, 2.343453035;CONFESSIONS  SAS;30;75
LA TOUR DE JADE;LA TOUR DE JADE;LA TOUR DE JADE;35055588400013;20 RUE DE LA MICHODIERE;75002;PARIS 2;75102;PARIS 2EME;2015-12-17;48.870552314, 2.33482156;SARL LA TOUR DE JADE;10;75
FOU LO EXPRESS;FOU LO EXPRESS;FOU LO EXPRESS;47829543900028;162 RUE MONTMARTRE;75002;PARIS 2;75102;PARIS 2EME;2015-12-16;48.870338713, 2.342717993;FOU LO EXPRESS;20;75
ATSUATSU RICHELIEU;ATSUATSU RICHELIEU;ATSUATSU RICHELIEU;53956371800011;88 RUE DE RICHELIEU;75002;PARIS;75102;PARIS 2EME;2015-12-07;48.870174067, 2.339214029;ATSUATSU RICHELIEU;20;75
SUSHIC;SUSHIC;SUSHI PARIS;57206272700019;20 RUE DES CAPUCINES;75002;PARIS 2;75102;PARIS 2EME;2015-12-09;48.869304814, 2.328837447;SUSHI PARIS;20;75
LA PIAZZETTA;LA PIAZZETTA;LA STORIA;80470070600018;98 RUE MONTMARTRE;75002;PARIS 2;75102;PARIS 2EME;2015-12-28;48.867166792, 2.34409292;LA STORIA;20;75
MONTMARTRE CAFE;MONTMARTRE CAFE;SAS D.R.M;80860263500019;170 RUE MONTMARTRE;75002;PARIS;75102;PARIS 2EME;2015-12-16;48.870724111, 2.342864121;SAS D.R.M;30;75
LA PLANQUE;LA PLANQUE;LAOBANIA;81420361800016;17 RUE DE CHOISEUL;75002;PARIS 2;75102;PARIS 2EME;2015-12-07;48.870100727, 2.335928249;LAOBANIA;10;75
AU COMPTOIR NIPPON;AU COMPTOIR NIPPON;AU COMPTOIR NIPPON;49764659600013;3 AVENUE DU MAINE;75015;PARIS 15;75115;PARIS 15EME;2015-12-29;48.844603067, 2.320106414;AU COMPTOIR NIPPON;10;75
LE BARATIN;LE BARATIN;BB RESTAURATION;78999130400013;41 BD SAINT MARCEL;75013;PARIS 13;75113;PARIS 13EME;2015-12-14;48.838492993, 2.357168568;BB RESTAURATION;10;75
LA REINE BLANCHE;LA REINE BLANCHE;SHRIKY'S BAR;80347702500016;9 RUE MICHEL PETER;75013;PARIS 13;75113;PARIS 13EME;2015-12-08;48.836550421, 2.35349739;SHRIKY'S BAR;20;75
CESAR PALACE;CESAR PALACE;GROUPE LA ROCHE PERRAULT;38856381900019;23 AVENUE DU MAINE;75015;PARIS 15;75115;PARIS 15EME;2015-12-29;48.843212922, 2.320672776;S.A GROUPE LAROCHE PERRAULT;20;75
LES COMEDIENS;LES COMEDIENS;KREMLIN DELICES;39098201500021;44 BD DU MONTPARNASSE;75015;PARIS 15;75115;PARIS 15EME;2015-12-29;48.844843069, 2.320800753;KREMLIN DELICES;10;75
LE CAMBODGE;LE CAMBODGE;KONG BUNTHEANG;75337027900014;8 RUE DE WATTIGNIES;75012;PARIS 12;75112;PARIS 12EME;2015-12-21;48.836732852, 2.392642745;KONG Buntheang;20;75
ROBATA;ROBATA;SUSHI PAN;79982481800014;96 RUE CLAUDE DECAEN;75012;PARIS 12;75112;PARIS 12EME;2015-12-23;48.838732079, 2.396244617;SUSHI PAN;20;75
EURO FRIED CHIKEN;EURO FRIED CHIKEN;MANI;44036384400018;60 BD DE SEBASTOPOL;75003;PARIS 3;75103;PARIS 3EME;2015-12-07;48.863621758, 2.35108123;MANI;20;75
RESTAURANT L'ACAJOU;RESTAURANT L'ACAJOU;SARL JEAN IMBERT;45225606800019;35 B RUE JEAN DE LA FONTAINE;75016;PARIS;75116;PARIS 16EME;2015-12-10;48.850683437, 2.271370857;SARL JEAN IMBERT ACAJOU;20;75
LE BISTROT 31;LE BISTROT 31;LE BISTROT 31;48332516300010;31 AV THEOPHILE GAUTIER;75016;PARIS;75116;PARIS 16EME;2015-12-10;48.8500133, 2.272490563;RESTAURANT LE BISTROT 31;20;75
RESTAURANT LE BARLU;RESTAURANT LE BARLU;CINE KE;79396113700015;10 QUAI DE LA SEINE;75019;PARIS 19;75119;PARIS 19EME;2015-12-07;48.884963836, 2.371163157;CINE KE;10;75
RESTAURANT LE MILK;RESTAURANT LE MILK;LIOR;80025150600013;59 RUE PETIT;75019;PARIS 19;75119;PARIS 19EME;2015-12-30;48.885667159, 2.386644698;LIOR;20;75
RESTAURANT CHEZ GABIN;RESTAURANT CHEZ GABIN;RENE ET BEBERT;34447546200018;92 BD DE BELLEVILLE;75020;PARIS 20;75120;PARIS 20EME;2015-12-08;48.87026464, 2.379168132;RENE ET BEBERT;10;75
RESTAURANT AUX MONTS D'AUVERGNE;RESTAURANT AUX MONTS D'AUVERGNE;LES MONTS D'AUVERGNE;50229048900017;236 RUE DES PYRENEES;75020;PARIS 20;75120;PARIS 20EME;2015-12-14;48.867470967, 2.396496721;LES MONTS D'AUVERGNE;20;75
CAFE MARTIN;CAFE MARTIN;PINAT;79320871100010;2 PL MARTIN NADAUD;75020;PARIS 20;75120;PARIS 20EME;2015-12-07;48.865037388, 2.395050838;CAFE MARTIN;10;75
Buvette du Rocher des Doms;Buvette du Rocher des Doms;MATHERON PATRICK;32502996500028;ROCHER DES DOMS;84000;AVIGNON;84007;AVIGNON;2015-07-23;43.95369005, 4.807869864;MATHERON Patrick;10;84
Snack Chez Ammar et Fils;Snack Chez Ammar et Fils;SAADANE AMMAR;32522008500022;1 RUE THIERS;84000;AVIGNON;84007;AVIGNON;2015-05-28;43.947907021, 4.810676738;SAADANE Youcef;10;84
La Mirande;La Mirande;SOCIETE AVIGNONNAISE D'HOTELLERIE;34396094400019;4 PL AMIRANDE;84000;AVIGNON;84007;AVIGNON;2015-03-27;43.950117832, 4.807632244;AVIGNONNAISE D'HOTELLERIE (SARL);10;84
Restaurant Christian Etienne;Restaurant Christian Etienne;CHRISTIAN ETIENNE S.A;37769661200029;10 RUE DE MONS;84000;AVIGNON;84007;AVIGNON;2015-03-13;43.949865912, 4.806737688;Christian ETIENNE (SA);10;84
Brasserie Le Kingston;Brasserie Le Kingston;PIETRI;39839862800014;CTR CAP SUD;84000;AVIGNON;84007;AVIGNON;2015-06-04;43.937875433, 4.809217529;PIETRI (SARL);10;84
Le Moutardier;Le Moutardier;LE MOUTARDIER;39974407700039;15 PL DU PALAIS;84000;AVIGNON;84007;AVIGNON;2015-04-24;43.951130096, 4.806351741;MOUTARDIER (LE) (SAS);10;84
Le Mini Snack;Le Mini Snack;LA MASCOTTE;40043755400027;1741 RTE DE MARSEILLE;84000;AVIGNON;84007;AVIGNON;2015-04-10;43.919737085, 4.864682902;MASCOTTE (SARL) (LA);10;84
Chez Mimmo;Chez Mimmo;DI LEVA DOMENICO;42368986800010;19 RUE CHAPEAU ROUGE;84000;AVIGNON;84007;AVIGNON;2015-12-02;43.948697251, 4.811360076;DI LEVA Domenico;10;84
Le Caveau du Théatre;Le Caveau du Théatre;HEMIN RICHARD;43160068300012;16 RUE DES TROIS FAUCONS;84000;AVIGNON;84007;AVIGNON;2015-08-11;43.945813554, 4.807582923;HEMIN Richard;10;84
Tapalocas;Tapalocas;LE TAPAS;43245816400014;15 RUE GALANTE;84000;AVIGNON;84007;AVIGNON;2015-04-28;43.947907388, 4.806756573;TAPAS (LE) (SARL);10;84
Le Saigonnais;Le Saigonnais;PHAN THI HUONG HELENE;43757464300015;5 RUE BANASTERIE;84000;AVIGNON;84007;AVIGNON;2015-06-30;43.949670829, 4.808434941;PHAN THI HUONG Hélène;10;84
Le Verso;Le Verso;2 DG;43880867700019;3 PL NICOLAS SABOLY;84000;AVIGNON;84007;AVIGNON;2015-05-29;43.949062847, 4.807236028;2DG (SARL);10;84
Les Baguettes d'Or;Les Baguettes d'Or;CAT VAN HUNG VANE;43944096700024;41 RUE DE LA SARAILLERIE;84000;AVIGNON;84007;AVIGNON;2015-08-03;43.947080122, 4.807247946;CAT VAN HUNG Vane;20;84
Les Acteurs / Tout Va Bien;Les Acteurs / Tout Va Bien;CARMEL;44116704600016;21 B PL CRILLON;84000;AVIGNON;84007;AVIGNON;2015-08-28;43.950132867, 4.802695598;CARMEL  (SARL);20;84
Bistrot d'U;Bistrot d'U;G.N. & T.C;44941717900016;4 RUE ESC SAINTE ANNE;84000;AVIGNON;84007;AVIGNON;2015-07-08;43.937875433, 4.809217529;GN & TC (SARL);10;84
Snack Favart;Snack Favart;FAVART;45100565600017;6 RUE FAVART;84000;AVIGNON;84007;AVIGNON;2015-03-18;43.948849667, 4.806411689;ERTAS Bahattin;10;84
Jean Le Gourmand;Jean Le Gourmand;BOULANGERIES BG;47845579301972;15 RUE SAINT AGRICOL;84000;AVIGNON;84007;AVIGNON;2015-10-09;43.948752623, 4.804849937;BOULANGERIE BG (SAS);20;84
Brasserie des Célestins;Brasserie des Célestins;CELEST;49045091300010;38 PL DES CORPS SAINTS;84000;AVIGNON;84007;AVIGNON;2015-03-11;43.94460639, 4.807566972;CELEST (SARL);10;84
Restaurant Des Etoiles;Restaurant Des Etoiles;CHEZ CHEN;49774109000011;260 RUE PAUL ELUARD;84000;AVIGNON;84007;AVIGNON;2015-10-07;43.930157465, 4.835088245;CHEZ CHEN (SARL);20;84
Le TN7;Le TN7;GINI;51789439000015;141 AV PIERRE SEMARD;84000;AVIGNON;84007;AVIGNON;2015-05-13;43.93079515, 4.836905224;GINI (SARL);10;84
Mc Donald's;Mc Donald's;DECAREST;51871777200025;85 RUE STE GENEVIEVE;84000;AVIGNON;84007;AVIGNON;2015-05-29;43.930546981, 4.777998223;DECAREST (SARL);10;84
Istanbul Kebap;Istanbul Kebap;SAHIN ALI;52165391500012;9 PL DES CORPS SAINTS;84000;AVIGNON;84007;AVIGNON;2015-10-01;43.944753802, 4.807572839;SAHIN Ali;10;84
Buvette I.D Halles;Buvette I.D Halles;RICHIER PHILIPPE RENE MARIO;52493013800028;18 PL PIE;84000;AVIGNON;84007;AVIGNON;2015-10-16;43.948401294, 4.81022329;RICHIER Philippe;20;84
Le Jade;Le Jade;LE JADE;53141711100022;48 RTE DE MONTFAVET;84000;AVIGNON;84007;AVIGNON;2015-05-20;43.941493141, 4.824562234;JADE (LE) (SARL);20;84
Brasserie du Théatre;Brasserie du Théatre;COLUDIS;53820327400013;36 CRS JEAN JAURES;84000;AVIGNON;84007;AVIGNON;2015-03-18;43.944903597, 4.805522091;COLUDIS (SARL);10;84
Le Bistrot Trèfle;Le Bistrot Trèfle;CLELI;75003618800035;ROUTE DE L AERODROME;84140;AVIGNON;84007;AVIGNON;2015-05-20;43.91638082, 4.886771092;CLELI (SARL);10;84
L'Isle Sonnante;L'Isle Sonnante;REMY HQZ;75118866500010;7 RUE RACINE;84000;AVIGNON;84007;AVIGNON;2015-07-13;43.949851427, 4.80489174;REMY HQZ (SARLU);10;84
Le Paradou;Le Paradou;HOTEL LE PARADOU;75195111200026;85 AVENUE CLEMENT ADER;84140;AVIGNON;84007;AVIGNON;2015-08-27;43.937350647, 4.850524433;HOTEL LE PARADOU (SAS);10;84
Vezzo Pizza;Vezzo Pizza;VEZZO;75238507000012;71 RUE GUILLAUME PUY;84000;AVIGNON;84007;AVIGNON;2015-07-08;43.945318147, 4.814137982;VEZZO (EURL);10;84
Centre Hébergement et Réinsertion Sociale Saint François;Centre Hébergement et Réinsertion Sociale Saint François;CROIX ROUGE FRANCAISE;77567227219843;6 RUE PORTE EVEQUE;84000;AVIGNON;84007;AVIGNON;2015-09-21;43.946005401, 4.802126338;CENTRE D' HEBERGEMENT ET REINSERTION SOCIALE SAINT FRANCOIS;10;84
Le 46;Le 46;SARL LE 46;79143491300012;46 RUE BALANCE;84000;AVIGNON;84007;AVIGNON;2015-07-13;43.951737345, 4.805747792;RESTAURANT LE 46  (SARL);10;84
L'Idylle du Palais;L'Idylle du Palais;CHLOE;79184927600013;6 RUE BALANCE;84000;AVIGNON;84007;AVIGNON;2015-07-22;43.950432091, 4.805814164;CHLOE;20;84
Little Odessa;Little Odessa;LEONE;80448544900024;11 PLACE CARNOT;84000;AVIGNON;84007;AVIGNON;2015-06-02;43.948695785, 4.80867366;LEONE (SAS);20;84
Yakamoz;Yakamoz;BIYIKLI HASAN;80822378800023;38 AVENUE MONCLAR;84000;AVIGNON;84007;AVIGNON;2015-11-12;43.937203713, 4.804916859;BIYIKLI Hasan;20;84
Le Petit Nice;Le Petit Nice;LE BISTROT DE L'HORLOGE;80836484800016;14 PL DE L HORLOGE;84000;AVIGNON;84007;AVIGNON;2015-04-30;43.949021594, 4.806176277;PETIT NICE (AU) (SARL);20;84
Bar de l'hôtel de ville;Bar de l'hôtel de ville;MALEK;80851950800010;18 PL DE L HORLOGE;84000;AVIGNON;84007;AVIGNON;2015-06-05;43.949101717, 4.806196262;BAR DE L'HOTEL DE VILLE;10;84
Le Best;Le Best;LE BEST;81018481200016;13 AVENUE EISENHOWER;84000;AVIGNON;84007;AVIGNON;2015-05-19;43.939878578, 4.797774537;BEST (LE) (SARL);20;84
Pizza du Sud;Pizza du Sud;ORANGEO;81043095900017;100 ROUTE DE LYON;84000;AVIGNON;84007;AVIGNON;2015-08-18;43.95396374, 4.835040207;ORANGEO (SASU);10;84
Avenio;Avenio;RESTAURANT AVENIO;81091309500016;19 RUE DES TROIS FAUCONS;84000;AVIGNON;84007;AVIGNON;2015-08-07;43.945806586, 4.807656995;RESTAURANT AVENIO (SAS);10;84
Sawa;Sawa;MBAPPE MANDENGUE;81231592700010;16 RUE DU ROI RENE;84000;AVIGNON;84007;AVIGNON;2015-07-16;43.946532828, 4.809095177;MBAPPE MANDENGUE Francesca;20;84
